USE flyBase;

-- Adicionando Avião (10 registros)
INSERT INTO Aviao (modelo, fabricante, data_aquisicao) VALUES
('Embraer E195-E2', 'Embraer', '2021-03-10'),
('Boeing 787-9 Dreamliner', 'Boeing', '2019-11-05'),
('Bombardier CRJ900', 'Bombardier', '2017-07-30'),
('ATR 72-600', 'ATR', '2016-04-12'),
('Airbus A330-300', 'Airbus', '2014-08-18'),
('Embraer Phenom 300', 'Embraer', '2023-05-01'),
('Airbus A220-300', 'Airbus', '2020-12-07');

INSERT INTO Cidade (nome, pais) VALUES


('Santa Catarina', 'Brasil'),
('São Paulo', 'Brasil'),
('Campo Grande', 'Brasil'),
('Salvador', 'Brasil'),

('Buenos Aires', 'Argentina'),
('Cancún', 'México'),
('San Pedro de Atacama', 'Chile'),
('Machu Picchu', 'Peru');



INSERT INTO cargo (nomeCargo, salario) VALUES
('Gerente', 8000.00),
('Analista', 5000.00),
('Assistente', 3000.00),
('Estagiario', 1500.00),
('Diretor', 12000.00),
('Piloto', 15000.00),
('Copiloto', 10000.00),
('Aeromoça', 7000.00),
('Comissário de Bordo', 7000.00),
('Supervisor', 9000.00);

-- Populando tabela pessoa (100 registros)
INSERT INTO pessoa (primeiro_nome, sobrenome, DataNasc) VALUES
('João', 'Silva', '1985-03-10'),
('Maria', 'Oliveira', '1990-07-22'),
('Carlos', 'Santos', '1978-11-15'),
('Ana', 'Costa', '1992-01-05'),
('Lucas', 'Pereira', '1988-09-30'),
('Julia', 'Almeida', '1995-12-12'),
('Pedro', 'Souza', '1983-06-18'),
('Fernanda', 'Lima', '1991-04-25'),
('Rafael', 'Barbosa', '1987-08-14'),
('Patricia', 'Mendes', '1993-10-02'),
('Miguel', 'Ferreira', '1980-02-20'),
('Larissa', 'Martins', '1996-05-11'),
('Bruno', 'Rodrigues', '1982-07-07'),
('Camila', 'Araujo', '1994-03-19'),
('Gabriel', 'Ramos', '1989-12-28'),
('Aline', 'Teixeira', '1997-08-03'),
('Thiago', 'Gomes', '1984-11-23'),
('Beatriz', 'Carvalho', '1992-06-16'),
('Vinicius', 'Rocha', '1986-01-29'),
('Mariana', 'Dias', '1995-09-09'),
('Sofia', 'Vieira', '1993-04-14'),
('Felipe', 'Cunha', '1981-10-21'),
('Isabela', 'Moraes', '1990-12-01'),
('Eduardo', 'Batista', '1987-03-27'),
('Luana', 'Freitas', '1996-07-15'),
('André', 'Barros', '1983-05-30'),
('Amanda', 'Rezende', '1991-11-08'),
('Diego', 'Monteiro', '1988-02-17'),
('Leticia', 'Campos', '1994-06-22'),
('Rodrigo', 'Peixoto', '1985-08-26'),
('Tatiane', 'Farias', '1992-09-13'),
('Ricardo', 'Assis', '1980-04-04'),
('Paula', 'Nunes', '1997-01-20'),
('Marcos', 'Borges', '1986-05-05'),
('Helena', 'Guimarães', '1993-03-03'),
('Leandro', 'Macedo', '1984-12-18'),
('Vanessa', 'Pinto', '1995-10-27'),
('Gustavo', 'Rezende', '1982-06-06'),
('Priscila', 'Lopes', '1991-08-29'),
('Otavio', 'Melo', '1989-07-12'),
('Simone', 'Siqueira', '1996-02-24'),
('Renato', 'Tavares', '1983-09-17'),
('Cristina', 'Cavalcanti', '1994-11-30'),
('Fábio', 'Queiroz', '1987-05-21'),
('Elaine', 'Bittencourt', '1992-12-13'),
('Marcelo', 'Amaral', '1981-03-08'),
('Patrícia', 'Duarte', '1990-10-10'),
('César', 'Fonseca', '1988-01-16'),
('Sandra', 'Moura', '1995-04-29'),
('Alexandre', 'Rezende', '1986-08-07'),
('Roberta', 'Lacerda', '1993-06-25'),
('Yuri', 'Kowalski', '1987-12-12'),
('Svetlana', 'Ivanova', '1991-11-11'),
('Pierre', 'Dubois', '1982-10-10'),
('Anna', 'Schmidt', '1993-09-09'),
('John', 'Smith', '1980-08-08'),
('Linda', 'Johnson', '1995-07-07'),
('Akira', 'Tanaka', '1984-06-06'),
('Mei', 'Wang', '1992-05-05'),
('Carlos', 'García', '1988-04-04'),
('Sofia', 'Martínez', '1996-03-03'),
('Ivan', 'Petrov', '1983-02-02'),
('Olga', 'Sokolova', '1991-01-01'),
('Liam', 'O’Connor', '1985-12-31'),
('Emma', 'Murphy', '1994-11-30'),
('Noah', 'Williams', '1987-10-29'),
('Olivia', 'Brown', '1993-09-28'),
('Mia', 'Davis', '1981-08-27'),
('Lucas', 'Müller', '1995-07-26'),
('Chloe', 'Martin', '1984-06-25'),
('Mateo', 'Lopez', '1992-05-24'),
('Santiago', 'Hernandez', '1988-04-23'),
('Valentina', 'Gonzalez', '1996-03-22'),
('David', 'Kim', '1983-02-21'),
('Sophia', 'Lee', '1991-01-20'),
('Mohamed', 'Ali', '1985-12-19'),
('Fatima', 'Hassan', '1994-11-18'),
('Ahmed', 'Yousef', '1987-10-17'),
('Layla', 'Omar', '1993-09-16'),
('Ava', 'Clark', '1981-08-15'),
('Ethan', 'Lewis', '1995-07-14'),
('Isabella', 'Walker', '1984-06-13'),
('Mason', 'Hall', '1992-05-12'),
('Charlotte', 'Allen', '1988-04-11'),
('Amelia', 'Young', '1996-03-10'),
('Benjamin', 'King', '1983-02-09'),
('Harper', 'Wright', '1991-01-08'),
('Elijah', 'Scott', '1985-12-07'),
('Abigail', 'Green', '1994-11-06'),
('Logan', 'Baker', '1987-10-05'),
('Emily', 'Adams', '1993-09-04'),
('Jack', 'Nelson', '1981-08-03'),
('Grace', 'Carter', '1995-07-02'),
('Henry', 'Mitchell', '1984-06-01'),
('Zoe', 'Perez', '1992-05-30'),
('Leo', 'Robinson', '1988-04-29'),
('Penelope', 'Evans', '1996-03-28'),
('Samuel', 'Turner', '1983-02-27'),
('Victoria', 'Phillips', '1991-01-26'),
('Sebastian', 'Campbell', '1985-12-25'),
('Scarlett', 'Parker', '1994-11-24');

-- Populando tabela cliente (100 registros únicos)
INSERT INTO cliente (idPessoa, email, plano) VALUES
(1, 'joao.silva1@email.com', 'BASICO'),
(2, 'maria.oliveira2@email.com', 'PREMIUM'),
(3, 'carlos.santos3@email.com', 'VIP'),
(4, 'ana.costa4@email.com', 'BASICO'),
(5, 'lucas.pereira5@email.com', 'PREMIUM'),
(6, 'julia.almeida6@email.com', 'VIP'),
(7, 'pedro.souza7@email.com', 'BASICO'),
(8, 'fernanda.lima8@email.com', 'PREMIUM'),
(9, 'rafael.barbosa9@email.com', 'VIP'),
(10, 'patricia.mendes10@email.com', 'BASICO'),
(11, 'joao.silva11@email.com', 'PREMIUM'),
(12, 'maria.oliveira12@email.com', 'VIP'),
(13, 'carlos.santos13@email.com', 'BASICO'),
(14, 'ana.costa14@email.com', 'PREMIUM'),
(15, 'lucas.pereira15@email.com', 'VIP'),
(16, 'julia.almeida16@email.com', 'BASICO'),
(17, 'pedro.souza17@email.com', 'PREMIUM'),
(18, 'fernanda.lima18@email.com', 'VIP'),
(19, 'rafael.barbosa19@email.com', 'BASICO'),
(20, 'patricia.mendes20@email.com', 'PREMIUM'),
(21, 'joao.silva21@email.com', 'VIP'),
(22, 'maria.oliveira22@email.com', 'BASICO'),
(23, 'carlos.santos23@email.com', 'PREMIUM'),
(24, 'ana.costa24@email.com', 'VIP'),
(25, 'lucas.pereira25@email.com', 'BASICO'),
(26, 'julia.almeida26@email.com', 'PREMIUM'),
(27, 'pedro.souza27@email.com', 'VIP'),
(28, 'fernanda.lima28@email.com', 'BASICO'),
(29, 'rafael.barbosa29@email.com', 'PREMIUM'),
(30, 'patricia.mendes30@email.com', 'VIP'),
(31, 'joao.silva31@email.com', 'BASICO'),
(32, 'maria.oliveira32@email.com', 'PREMIUM'),
(33, 'carlos.santos33@email.com', 'VIP'),
(34, 'ana.costa34@email.com', 'BASICO'),
(35, 'lucas.pereira35@email.com', 'PREMIUM'),
(36, 'julia.almeida36@email.com', 'VIP'),
(37, 'pedro.souza37@email.com', 'BASICO'),
(38, 'fernanda.lima38@email.com', 'PREMIUM'),
(39, 'rafael.barbosa39@email.com', 'VIP'),
(40, 'patricia.mendes40@email.com', 'BASICO'),
(41, 'joao.silva41@email.com', 'PREMIUM'),
(42, 'maria.oliveira42@email.com', 'VIP'),
(43, 'carlos.santos43@email.com', 'BASICO'),
(44, 'ana.costa44@email.com', 'PREMIUM'),
(45, 'lucas.pereira45@email.com', 'VIP'),
(46, 'julia.almeida46@email.com', 'BASICO'),
(47, 'pedro.souza47@email.com', 'PREMIUM'),
(48, 'fernanda.lima48@email.com', 'VIP'),
(49, 'rafael.barbosa49@email.com', 'BASICO'),
(50, 'patricia.mendes50@email.com', 'PREMIUM'),
(51, 'joao.silva51@email.com', 'VIP'),
(52, 'maria.oliveira52@email.com', 'BASICO'),
(53, 'carlos.santos53@email.com', 'PREMIUM'),
(54, 'ana.costa54@email.com', 'VIP'),
(55, 'lucas.pereira55@email.com', 'BASICO'),
(56, 'julia.almeida56@email.com', 'PREMIUM'),
(57, 'pedro.souza57@email.com', 'VIP'),
(58, 'fernanda.lima58@email.com', 'BASICO'),
(59, 'rafael.barbosa59@email.com', 'PREMIUM'),
(60, 'patricia.mendes60@email.com', 'VIP'),
(61, 'joao.silva61@email.com', 'BASICO'),
(62, 'maria.oliveira62@email.com', 'PREMIUM'),
(63, 'carlos.santos63@email.com', 'VIP'),
(64, 'ana.costa64@email.com', 'BASICO'),
(65, 'lucas.pereira65@email.com', 'PREMIUM'),
(66, 'julia.almeida66@email.com', 'VIP'),
(67, 'pedro.souza67@email.com', 'BASICO'),
(68, 'fernanda.lima68@email.com', 'PREMIUM'),
(69, 'rafael.barbosa69@email.com', 'VIP'),
(70, 'patricia.mendes70@email.com', 'BASICO'),
(71, 'joao.silva71@email.com', 'PREMIUM'),
(72, 'maria.oliveira72@email.com', 'VIP'),
(73, 'carlos.santos73@email.com', 'BASICO'),
(74, 'ana.costa74@email.com', 'PREMIUM'),
(75, 'lucas.pereira75@email.com', 'VIP'),
(76, 'julia.almeida76@email.com', 'BASICO'),
(77, 'pedro.souza77@email.com', 'PREMIUM'),
(78, 'fernanda.lima78@email.com', 'VIP'),
(79, 'rafael.barbosa79@email.com', 'BASICO'),
(80, 'patricia.mendes80@email.com', 'PREMIUM'),
(81, 'joao.silva81@email.com', 'VIP'),
(82, 'maria.oliveira82@email.com', 'BASICO'),
(83, 'carlos.santos83@email.com', 'PREMIUM'),
(84, 'ana.costa84@email.com', 'VIP'),
(85, 'lucas.pereira85@email.com', 'BASICO'),
(86, 'julia.almeida86@email.com', 'PREMIUM'),
(87, 'pedro.souza87@email.com', 'VIP'),
(88, 'fernanda.lima88@email.com', 'BASICO'),
(89, 'rafael.barbosa89@email.com', 'PREMIUM'),
(90, 'patricia.mendes90@email.com', 'VIP'),
(91, 'joao.silva91@email.com', 'BASICO'),
(92, 'maria.oliveira92@email.com', 'PREMIUM'),
(93, 'carlos.santos93@email.com', 'VIP'),
(94, 'ana.costa94@email.com', 'BASICO'),
(95, 'lucas.pereira95@email.com', 'PREMIUM'),
(96, 'julia.almeida96@email.com', 'VIP'),
(97, 'pedro.souza97@email.com', 'BASICO'),
(98, 'fernanda.lima98@email.com', 'PREMIUM'),
(99, 'rafael.barbosa99@email.com', 'VIP'),
(100, 'patricia.mendes100@email.com', 'BASICO');


-- Populando tabela telefone_pessoa (100 registros)
INSERT INTO telefone_pessoa (idPessoa, numero_telefone) VALUES
(1, '11999990001'),
(2, '21999990002'),
(3, '31999990003'),
(4, '41999990004'),
(5, '51999990005'),
(6, '61999990006'),
(7, '71999990007'),
(8, '81999990008'),
(9, '91999990009'),
(10, '11999990010'),
(11, '21999990011'),
(12, '31999990012'),
(13, '41999990013'),
(14, '51999990014'),
(15, '61999990015'),
(16, '71999990016'),
(17, '81999990017'),
(18, '91999990018'),
(19, '11999990019'),
(20, '21999990020'),
(21, '31999990021'),
(22, '41999990022'),
(23, '51999990023'),
(24, '61999990024'),
(25, '71999990025'),
(26, '81999990026'),
(27, '91999990027'),
(28, '11999990028'),
(29, '21999990029'),
(30, '31999990030'),
(31, '41999990031'),
(32, '51999990032'),
(33, '61999990033'),
(34, '71999990034'),
(35, '81999990035'),
(36, '91999990036'),
(37, '11999990037'),
(38, '21999990038'),
(39, '31999990039'),
(40, '41999990040'),
(41, '51999990041'),
(42, '61999990042'),
(43, '71999990043'),
(44, '81999990044'),
(45, '91999990045'),
(46, '11999990046'),
(47, '21999990047'),
(48, '31999990048'),
(49, '41999990049'),
(50, '51999990050'),
(51, '61999990051'),
(52, '71999990052'),
(53, '81999990053'),
(54, '91999990054'),
(55, '11999990055'),
(56, '21999990056'),
(57, '31999990057'),
(58, '41999990058'),
(59, '51999990059'),
(60, '61999990060'),
(61, '71999990061'),
(62, '81999990062'),
(63, '91999990063'),
(64, '11999990064'),
(65, '21999990065'),
(66, '31999990066'),
(67, '41999990067'),
(68, '51999990068'),
(69, '61999990069'),
(70, '71999990070'),
(71, '81999990071'),
(72, '91999990072'),
(73, '11999990073'),
(74, '21999990074'),
(75, '31999990075'),
(76, '41999990076'),
(77, '51999990077'),
(78, '61999990078'),
(79, '71999990079'),
(80, '81999990080'),
(81, '91999990081'),
(82, '11999990082'),
(83, '21999990083'),
(84, '31999990084'),
(85, '41999990085'),
(86, '51999990086'),
(87, '61999990087'),
(88, '71999990088'),
(89, '81999990089'),
(90, '91999990090'),
(91, '11999990091'),
(92, '21999990092'),
(93, '31999990093'),
(94, '41999990094'),
(95, '51999990095'),
(96, '61999990096'),
(97, '71999990097'),
(98, '81999990098'),
(99, '91999990099'),
(100, '11999990100');

-- Populando tabela passaporte (100 registros, países variados)
INSERT INTO passaporte (idCliente, numPassaporte, paisEmissor, dataEmissao, dataExpiracao) VALUES
(1, 'PBR123456', 'Brasil', '2015-01-01', '2025-01-01'),
(2, 'PUS654321', 'Estados Unidos', '2016-02-02', '2026-02-02'),
(3, 'PFR789012', 'França', '2017-03-03', '2027-03-03'),
(4, 'PDE345678', 'Alemanha', '2018-04-04', '2028-04-04'),
(5, 'PJP901234', 'Japão', '2019-05-05', '2029-05-05'),
(6, 'PBR234567', 'Brasil', '2015-06-06', '2025-06-06'),
(7, 'PUS765432', 'Estados Unidos', '2016-07-07', '2026-07-07'),
(8, 'PFR890123', 'França', '2017-08-08', '2027-08-08'),
(9, 'PDE456789', 'Alemanha', '2018-09-09', '2028-09-09'),
(10, 'PJP012345', 'Japão', '2019-10-10', '2029-10-10'),
(11, 'PBR345678', 'Brasil', '2015-11-11', '2025-11-11'),
(12, 'PUS876543', 'Estados Unidos', '2016-12-12', '2026-12-12'),
(13, 'PFR901234', 'França', '2017-01-13', '2027-01-13'),
(14, 'PDE567890', 'Alemanha', '2018-02-14', '2028-02-14'),
(15, 'PJP123456', 'Japão', '2019-03-15', '2029-03-15'),
(16, 'PBR456789', 'Brasil', '2015-04-16', '2025-04-16'),
(17, 'PUS987654', 'Estados Unidos', '2016-05-17', '2026-05-17'),
(18, 'PFR012345', 'França', '2017-06-18', '2027-06-18'),
(19, 'PDE678901', 'Alemanha', '2018-07-19', '2028-07-19'),
(20, 'PJP234567', 'Japão', '2019-08-20', '2029-08-20'),
(21, 'PBR567890', 'Brasil', '2015-09-21', '2025-09-21'),
(22, 'PUS098765', 'Estados Unidos', '2016-10-22', '2026-10-22'),
(23, 'PFR123456', 'França', '2017-11-23', '2027-11-23'),
(24, 'PDE789012', 'Alemanha', '2018-12-24', '2028-12-24'),
(25, 'PJP345678', 'Japão', '2019-01-25', '2029-01-25'),
(26, 'PBR678901', 'Brasil', '2015-02-26', '2025-02-26'),
(27, 'PUS109876', 'Estados Unidos', '2016-03-27', '2026-03-27'),
(28, 'PFR234567', 'França', '2017-04-28', '2027-04-28'),
(29, 'PDE890123', 'Alemanha', '2018-05-29', '2028-05-29'),
(30, 'PJP456789', 'Japão', '2019-06-30', '2029-06-30'),
(31, 'PBR789012', 'Brasil', '2015-08-31', '2025-08-31'),
(32, 'PUS210987', 'Estados Unidos', '2016-09-30', '2026-09-30'),
(33, 'PFR345678', 'França', '2017-10-31', '2027-10-31'),
(34, 'PDE901234', 'Alemanha', '2018-11-30', '2028-11-30'),
(35, 'PJP567890', 'Japão', '2019-12-31', '2029-12-31'),
(36, 'PBR890123', 'Brasil', '2015-07-15', '2025-07-15'),
(37, 'PUS321098', 'Estados Unidos', '2016-08-16', '2026-08-16'),
(38, 'PFR456789', 'França', '2017-09-17', '2027-09-17'),
(39, 'PDE012345', 'Alemanha', '2018-10-18', '2028-10-18'),
(40, 'PJP678901', 'Japão', '2019-11-19', '2029-11-19'),
(41, 'PBR901234', 'Brasil', '2015-05-05', '2025-05-05'),
(42, 'PUS432109', 'Estados Unidos', '2016-06-06', '2026-06-06'),
(43, 'PFR567890', 'França', '2017-07-07', '2027-07-07'),
(44, 'PDE123456', 'Alemanha', '2018-08-08', '2028-08-08'),
(45, 'PJP789012', 'Japão', '2019-09-09', '2029-09-09'),
(46, 'PBR012345', 'Brasil', '2015-03-03', '2025-03-03'),
(47, 'PUS543210', 'Estados Unidos', '2016-04-04', '2026-04-04'),
(48, 'PFR678901', 'França', '2017-05-05', '2027-05-05'),
(49, 'PDE234567', 'Alemanha', '2018-06-06', '2028-06-06'),
(50, 'PJP890123', 'Japão', '2019-07-07', '2029-07-07'),
(51, 'PBR234567', 'Brasil', '2015-02-02', '2025-02-02'),
(52, 'PUS654321', 'Estados Unidos', '2016-03-03', '2026-03-03'),
(53, 'PFR789012', 'França', '2017-04-04', '2027-04-04'),
(54, 'PDE345678', 'Alemanha', '2018-05-05', '2028-05-05'),
(55, 'PJP901234', 'Japão', '2019-06-06', '2029-06-06'),
(56, 'PBR345678', 'Brasil', '2015-07-07', '2025-07-07'),
(57, 'PUS765432', 'Estados Unidos', '2016-08-08', '2026-08-08'),
(58, 'PFR890123', 'França', '2017-09-09', '2027-09-09'),
(59, 'PDE456789', 'Alemanha', '2018-10-10', '2028-10-10'),
(60, 'PJP012345', 'Japão', '2019-11-11', '2029-11-11'),
(61, 'PBR456789', 'Brasil', '2015-10-10', '2025-10-10'),
(62, 'PUS098765', 'Estados Unidos', '2016-11-11', '2026-11-11'),
(63, 'PFR123456', 'França', '2017-12-12', '2027-12-12'),
(64, 'PDE789012', 'Alemanha', '2018-01-13', '2028-01-13'),
(65, 'PJP345678', 'Japão', '2019-02-14', '2029-02-14'),
(66, 'PBR567890', 'Brasil', '2015-04-15', '2025-04-15'),
(67, 'PUS210987', 'Estados Unidos', '2016-05-16', '2026-05-16'),
(68, 'PFR345678', 'França', '2017-06-17', '2027-06-17'),
(69, 'PDE901234', 'Alemanha', '2018-07-18', '2028-07-18'),
(70, 'PJP567890', 'Japão', '2019-08-19', '2029-08-19'),
(71, 'PBR678901', 'Brasil', '2015-09-20', '2025-09-20'),
(72, 'PUS098765', 'Estados Unidos', '2016-10-21', '2026-10-21'),
(73, 'PFR123456', 'França', '2017-11-22', '2027-11-22'),
(74, 'PDE789012', 'Alemanha', '2018-12-23', '2028-12-23'),
(75, 'PJP345678', 'Japão', '2019-01-24', '2029-01-24'),
(76, 'PBR890123', 'Brasil', '2015-03-25', '2025-03-25'),
(77, 'PUS321098', 'Estados Unidos', '2016-04-26', '2026-04-26'),
(78, 'PFR456789', 'França', '2017-05-27', '2027-05-27'),
(79, 'PDE012345', 'Alemanha', '2018-06-28', '2028-06-28'),
(80, 'PJP678901', 'Japão', '2019-07-29', '2029-07-29'),
(81, 'PBR901234', 'Brasil', '2015-08-30', '2025-08-30'),
(82, 'PUS432109', 'Estados Unidos', '2016-09-30', '2026-09-30'),
(83, 'PFR567890', 'França', '2017-10-31', '2027-10-31'),
(84, 'PDE123456', 'Alemanha', '2018-11-30', '2028-11-30'),
(85, 'PJP789012', 'Japão', '2019-12-31', '2029-12-31'),
(86, 'PBR012345', 'Brasil', '2015-07-15', '2025-07-15'),
(87, 'PUS543210', 'Estados Unidos', '2016-08-16', '2026-08-16'),
(88, 'PFR678901', 'França', '2017-09-17', '2027-09-17'),
(89, 'PDE901234', 'Alemanha', '2018-10-18', '2028-10-18'),
(90, 'PJP890123', 'Japão', '2019-11-19', '2029-11-19'),
(91, 'PBR234567', 'Brasil', '2015-05-05', '2025-05-05'),
(92, 'PUS098765', 'Estados Unidos', '2016-06-06', '2026-06-06'),
(93, 'PFR345678', 'França', '2017-07-07', '2027-07-07'),
(94, 'PDE012345', 'Alemanha', '2018-08-08', '2028-08-08'),
(95, 'PJP678901', 'Japão', '2019-09-09', '2029-09-09'),
(96, 'PBR567890', 'Brasil', '2015-09-21', '2025-09-21'),
(97, 'PUS210987', 'Estados Unidos', '2016-10-22', '2026-10-22'),
(98, 'PFR789012', 'França', '2017-11-23', '2027-11-23'),
(99, 'PDE345678', 'Alemanha', '2018-12-24', '2028-12-24'),
(100, 'PJP901234', 'Japão', '2019-01-25', '2029-01-25');

-- Populando tabela funcionario (100 registros, cargos variados, alguns desligados e atividades variadas)
INSERT INTO funcionario (idPessoa, idCargo, dataIngres, dataDesligamento, atividade) VALUES
(1, 6, '2018-01-01', NULL, 'Ativo'),
(2, 7, '2019-02-02', NULL, 'Ativo'),
(3, 8, '2020-03-03', '2023-03-03', 'Desligado'),
(4, 9, '2017-04-04', NULL, 'Ativo'),
(5, 10, '2016-05-05', '2022-05-05', 'Desligado'),
(6, 1, '2015-06-06', NULL, 'Ativo'),
(7, 2, '2014-07-07', NULL, 'Ativo'),
(8, 3, '2013-08-08', '2020-08-08', 'Desligado'),
(9, 4, '2012-09-09', NULL, 'Ativo'),
(10, 5, '2011-10-10', '2019-10-10', 'Desligado'),
(11, 6, '2010-11-11', NULL, 'Ativo'),
(12, 7, '2009-12-12', NULL, 'Ativo'),
(13, 8, '2008-01-13', NULL, 'Ativo'),
(14, 9, '2007-02-14', NULL, 'Ativo'),
(15, 10, '2006-03-15', NULL, 'Ativo'),
(16, 1, '2005-04-16', NULL, 'Ativo'),
(17, 2, '2004-05-17', NULL, 'Ativo'),
(18, 3, '2003-06-18', NULL, 'Ativo'),
(19, 4, '2002-07-19', NULL, 'Ativo'),
(20, 5, '2001-08-20', NULL, 'Ativo'),
(21, 6, '2000-09-21', NULL, 'Ativo'),
(22, 7, '1999-10-22', NULL, 'Ativo'),
(23, 8, '1998-11-23', NULL, 'Ativo'),
(24, 9, '1997-12-24', NULL, 'Ativo'),
(25, 10, '1996-01-25', NULL, 'Ativo'),
(26, 1, '1995-02-26', NULL, 'Ativo'),
(27, 2, '1994-03-27', NULL, 'Ativo'),
(28, 3, '1993-04-28', NULL, 'Ativo'),
(29, 4, '1992-05-29', NULL, 'Ativo'),
(30, 5, '1991-06-30', NULL, 'Ativo'),
(31, 6, '1990-07-15', NULL, 'Ativo'),
(32, 7, '1989-08-16', NULL, 'Ativo'),
(33, 8, '1988-09-17', NULL, 'Ativo'),
(34, 9, '1987-10-18', NULL, 'Ativo'),
(35, 10, '1986-11-19', NULL, 'Ativo'),
(36, 1, '1985-12-20', NULL, 'Ativo'),
(37, 2, '1984-01-21', NULL, 'Ativo'),
(38, 3, '1983-02-22', NULL, 'Ativo'),
(39, 4, '1982-03-23', NULL, 'Ativo'),
(40, 5, '1981-04-24', NULL, 'Ativo'),
(41, 6, '1980-05-25', NULL, 'Ativo'),
(42, 7, '1979-06-26', NULL, 'Ativo'),
(43, 8, '1978-07-27', NULL, 'Ativo'),
(44, 9, '1977-08-28', NULL, 'Ativo'),
(45, 10, '1976-09-29', NULL, 'Ativo'),
(46, 1, '1975-10-30', NULL, 'Ativo'),
(47, 2, '1974-11-30', NULL, 'Ativo'),
(48, 3, '1973-12-31', NULL, 'Ativo'),
(49, 4, '1972-01-01', NULL, 'Ativo'),
(50, 5, '1971-02-02', NULL, 'Ativo'),
(51, 6, '1970-03-03', NULL, 'Ativo'),
(52, 7, '1969-04-04', NULL, 'Ativo'),
(53, 8, '1968-05-05', NULL, 'Ativo'),
(54, 9, '1967-06-06', NULL, 'Ativo'),
(55, 10, '1966-07-07', NULL, 'Ativo'),
(56, 1, '1965-08-08', NULL, 'Ativo'),
(57, 2, '1964-09-09', NULL, 'Ativo'),
(58, 3, '1963-10-10', NULL, 'Ativo'),
(59, 4, '1962-11-11', NULL, 'Ativo'),
(60, 5, '1961-12-12', NULL, 'Ativo'),
(61, 6, '1960-01-13', NULL, 'Ativo'),
(62, 7, '1959-02-14', NULL, 'Ativo'),
(63, 8, '1958-03-15', NULL, 'Ativo'),
(64, 9, '1957-04-16', NULL, 'Ativo'),
(65, 10, '1956-05-17', NULL, 'Ativo'),
(66, 1, '1955-06-18', NULL, 'Ativo'),
(67, 2, '1954-07-19', NULL, 'Ativo'),
(68, 3, '1953-08-20', NULL, 'Ativo'),
(69, 4, '1952-09-21', NULL, 'Ativo'),
(70, 5, '1951-10-22', NULL, 'Ativo'),
(71, 6, '1950-11-23', NULL, 'Ativo'),
(72, 7, '1949-12-24', NULL, 'Ativo'),
(73, 8, '1948-01-25', NULL, 'Ativo'),
(74, 9, '1947-02-26', NULL, 'Ativo'),
(75, 10, '1946-03-27', NULL, 'Ativo'),
(76, 1, '1945-04-28', NULL, 'Ativo'),
(77, 2, '1944-05-29', NULL, 'Ativo'),
(78, 3, '1943-06-30', NULL, 'Ativo'),
(79, 4, '1942-07-15', NULL, 'Ativo'),
(80, 5, '1941-08-16', NULL, 'Ativo'),
(81, 6, '1940-09-17', NULL, 'Ativo'),
(82, 7, '1939-10-18', NULL, 'Ativo'),
(83, 8, '1938-11-19', NULL, 'Ativo'),
(84, 9, '1937-12-20', NULL, 'Ativo'),
(85, 10, '1936-01-21', NULL, 'Ativo'),
(86, 1, '1935-02-22', NULL, 'Ativo'),
(87, 2, '1934-03-23', NULL, 'Ativo'),
(88, 3, '1933-04-24', NULL, 'Ativo'),
(89, 4, '1932-05-25', NULL, 'Ativo'),
(90, 5, '1931-06-26', NULL, 'Ativo'),
(91, 6, '1930-07-27', NULL, 'Ativo'),
(92, 7, '1929-08-28', NULL, 'Ativo'),
(93, 8, '1928-09-29', NULL, 'Ativo'),
(94, 9, '1927-10-30', NULL, 'Ativo'),
(95, 10, '1926-11-30', NULL, 'Ativo'),
(96, 1, '1925-12-31', NULL, 'Ativo'),
(97, 2, '1924-01-01', NULL, 'Ativo'),
(98, 3, '1923-02-02', NULL, 'Ativo'),
(99, 4, '1922-03-03', NULL, 'Ativo'),
(100, 5, '1921-04-04', NULL, 'Ativo');



-- 5 VOOS 

INSERT INTO Voo (distancia, duracao, id_Aviao, id_cidade_origem, id_cidade_destino) VALUES
-- 1. Voo internacional longo, de São Paulo para Cancún
(6900, '08:40:00', 3, 3, 8),

-- 2. Voo doméstico, de Campo Grande para Maceió
(2200, '02:55:00', 10, 4, 1),

-- 3. Voo internacional na América do Sul, de São Paulo para Buenos Aires
(1700, '02:50:00', 6, 3, 7),

-- 4. Voo turístico para uma ilha, de Salvador para Fernando de Noronha
(1200, '02:30:00', 5, 5, 6),

-- 5. Embraer E195-E2 é id_Aviao 1 , São Paulo é id_cidade 3 e Salvador é id_cidade 5;
(1450, '02:10:00', 1, 3, 5);