USE flyBase;

-- =================================================================
-- Removendo dados existentes para evitar duplicatas (OPCIONAL)
-- Descomente as linhas abaixo se quiser limpar as tabelas antes de inserir os novos dados.
-- =================================================================
/*
SET FOREIGN_KEY_CHECKS = 0;
TRUNCATE TABLE Reserva;
TRUNCATE TABLE Voo;
TRUNCATE TABLE Status_voo;
TRUNCATE TABLE passaporte;
TRUNCATE TABLE telefone_pessoa;
TRUNCATE TABLE cliente;
TRUNCATE TABLE pessoa;
TRUNCATE TABLE cargo;
TRUNCATE TABLE Cidade;
TRUNCATE TABLE Aviao;
SET FOREIGN_KEY_CHECKS = 1;
*/


-- =====================
-- AVIÕES (Adicionando 90 para totalizar 100)
-- =====================
INSERT INTO Aviao (modelo, fabricante, data_aquisicao, capacidade) VALUES
('Embraer E195-E2', 'Embraer', '2021-03-10', 132),
('Boeing 787-9 Dreamliner', 'Boeing', '2019-11-05', 290),
('Bombardier CRJ900', 'Bombardier', '2017-07-30', 76),
('ATR 72-600', 'ATR', '2016-04-12', 70),
('Airbus A330-300', 'Airbus', '2014-08-18', 300),
('Embraer Phenom 300', 'Embraer', '2023-05-01', 8),
('Airbus A220-300', 'Airbus', '2020-12-07', 130),
('Boeing 737 MAX 8', 'Boeing', '2018-09-25', 180),
('Airbus A350-900', 'Airbus', '2022-01-15', 350),
('Cessna Citation X', 'Cessna', '2015-11-03', 12),
('Boeing 777-300ER', 'Boeing', '2013-02-20', 396),
('Airbus A320neo', 'Airbus', '2019-06-11', 180),
('Embraer E175', 'Embraer', '2018-05-14', 88),
('Boeing 747-8', 'Boeing', '2012-10-01', 467),
('Airbus A380-800', 'Airbus', '2010-12-15', 853),
('Bombardier Q400', 'Bombardier', '2017-09-21', 78),
('Cessna Citation Longitude', 'Cessna', '2022-08-30', 12),
('Gulfstream G650ER', 'Gulfstream', '2021-11-18', 19),
('Dassault Falcon 8X', 'Dassault', '2020-04-05', 16),
('Boeing 737-800', 'Boeing', '2016-03-25', 162),
('Airbus A321neo', 'Airbus', '2020-07-19', 220),
('Embraer Praetor 600', 'Embraer', '2022-02-10', 12),
('ATR 42-600', 'ATR', '2018-11-28', 50),
('Boeing 767-300ER', 'Boeing', '2009-08-17', 269),
('Airbus A319', 'Airbus', '2011-05-23', 124),
('Cessna Citation Sovereign', 'Cessna', '2014-09-12', 12),
('Bombardier Global 7500', 'Bombardier', '2023-01-20', 19),
('Embraer Legacy 500', 'Embraer', '2019-10-08', 12),
('Boeing 757-200', 'Boeing', '2005-06-03', 200),
('Airbus A340-600', 'Airbus', '2008-03-14', 379),
('Embraer Lineage 1000E', 'Embraer', '2017-01-29', 19),
('Cessna Citation Latitude', 'Cessna', '2021-04-16', 9),
('Bombardier Challenger 350', 'Bombardier', '2020-08-22', 10),
('Gulfstream G550', 'Gulfstream', '2018-07-07', 19),
('Dassault Falcon 7X', 'Dassault', '2016-12-01', 16),
('Boeing BBJ', 'Boeing', '2022-05-11', 50),
('Airbus ACJ320neo', 'Airbus', '2021-09-09', 25),
('Embraer Phenom 100', 'Embraer', '2019-03-03', 4),
('ATR 72-500', 'ATR', '2010-11-05', 74),
('Boeing 787-8 Dreamliner', 'Boeing', '2017-06-20', 242),
('Airbus A330-200', 'Airbus', '2012-04-18', 247),
('Embraer E190-E2', 'Embraer', '2020-02-14', 114),
('Bombardier CRJ700', 'Bombardier', '2015-10-26', 70),
('Cessna Grand Caravan EX', 'Cessna', '2018-01-15', 14),
('Gulfstream G280', 'Gulfstream', '2019-09-01', 10),
('Dassault Falcon 900LX', 'Dassault', '2017-08-11', 14),
('Boeing 737 MAX 9', 'Boeing', '2021-03-22', 220),
('Airbus A350-1000', 'Airbus', '2022-06-08', 440),
('Embraer E190', 'Embraer', '2015-02-09', 114),
('ATR 42-500', 'ATR', '2009-07-13', 48),
('Boeing 767-400ER', 'Boeing', '2002-09-19', 245),
('Airbus A318', 'Airbus', '2007-05-30', 107),
('Bombardier CRJ200', 'Bombardier', '2004-11-10', 50),
('Cessna Citation CJ4', 'Cessna', '2020-10-14', 10),
('Gulfstream G500', 'Gulfstream', '2022-03-01', 19),
('Dassault Falcon 2000LXS', 'Dassault', '2018-12-25', 10),
('Boeing 777-200LR', 'Boeing', '2014-07-21', 317),
('Airbus A320-200', 'Airbus', '2013-08-16', 150),
('Embraer Legacy 650E', 'Embraer', '2019-05-20', 14),
('Bombardier Challenger 650', 'Bombardier', '2021-01-07', 12),
('Cessna Citation XLS+', 'Cessna', '2016-06-17', 9),
('Gulfstream G450', 'Gulfstream', '2015-04-24', 16),
('Dassault Falcon 5X', 'Dassault', '2017-03-13', 16),
('Boeing 717-200', 'Boeing', '2001-10-31', 106),
('Airbus A300-600', 'Airbus', '1999-08-08', 266),
('McDonnell Douglas MD-80', 'McDonnell Douglas', '1995-05-05', 172),
('Fokker 100', 'Fokker', '1994-02-28', 107),
('Saab 340', 'Saab', '1998-09-15', 34),
('BAe 146', 'British Aerospace', '1993-07-22', 112),
('Antonov An-148', 'Antonov', '2009-04-02', 85),
('Sukhoi Superjet 100', 'Sukhoi', '2011-06-21', 98),
('Mitsubishi SpaceJet M90', 'Mitsubishi', '2020-03-30', 88),
('Comac C919', 'Comac', '2023-05-28', 164),
('Irkut MC-21-300', 'Irkut', '2022-12-25', 211),
('De Havilland Canada Dash 8-400', 'De Havilland', '2019-11-11', 90),
('Britten-Norman Islander', 'Britten-Norman', '2014-01-10', 10),
('Viking Air DHC-6 Twin Otter', 'Viking Air', '2016-08-01', 19),
('Pilatus PC-12 NGX', 'Pilatus', '2021-07-06', 9),
('Beechcraft King Air 360', 'Beechcraft', '2022-10-18', 11),
('HondaJet Elite S', 'Honda', '2023-04-04', 6),
('Cirrus Vision Jet G2', 'Cirrus', '2022-01-26', 7),
('Piaggio Avanti EVO', 'Piaggio', '2018-06-12', 9),
('Ilyushin Il-96-400M', 'Ilyushin', '2023-08-01', 370),
('Tupolev Tu-214', 'Tupolev', '2010-05-19', 210),
('Boeing 737-700', 'Boeing', '2012-09-04', 126),
('Airbus A319neo', 'Airbus', '2021-02-15', 140),
('Embraer E170', 'Embraer', '2013-11-20', 78),
('Bombardier CRJ1000', 'Bombardier', '2016-01-11', 100),
('Cessna Citation M2', 'Cessna', '2019-08-08', 7),
('Gulfstream G700', 'Gulfstream', '2023-03-03', 19),
('Dassault Falcon 6X', 'Dassault', '2022-11-16', 16),
('Boeing 777X', 'Boeing', '2024-01-25', 426),
('Airbus A330neo', 'Airbus', '2021-10-29', 287);

-- =====================
-- CIDADES (Adicionando 90 para totalizar 100)
-- =====================
INSERT INTO Cidade (nome, pais) VALUES
('Santa Catarina', 'Brasil'),
('São Paulo', 'Brasil'),
('Campo Grande', 'Brasil'),
('Salvador', 'Brasil'),
('Buenos Aires', 'Argentina'),
('Cancún', 'México'),
('San Pedro de Atacama', 'Chile'),
('Machu Picchu', 'Peru'),
('Maceió', 'Brasil'),
('Fernando de Noronha', 'Brasil'),
('Rio de Janeiro', 'Brasil'),
('Belo Horizonte', 'Brasil'),
('Curitiba', 'Brasil'),
('Porto Alegre', 'Brasil'),
('Recife', 'Brasil'),
('Fortaleza', 'Brasil'),
('Manaus', 'Brasil'),
('Brasília', 'Brasil'),
('Goiânia', 'Brasil'),
('Belém', 'Brasil'),
('Santiago', 'Chile'),
('Lima', 'Peru'),
('Bogotá', 'Colômbia'),
('Montevidéu', 'Uruguai'),
('Assunção', 'Paraguai'),
('Quito', 'Equador'),
('Caracas', 'Venezuela'),
('La Paz', 'Bolívia'),
('Cidade do México', 'México'),
('Miami', 'Estados Unidos'),
('Nova Iorque', 'Estados Unidos'),
('Orlando', 'Estados Unidos'),
('Los Angeles', 'Estados Unidos'),
('Chicago', 'Estados Unidos'),
('Toronto', 'Canadá'),
('Vancouver', 'Canadá'),
('Lisboa', 'Portugal'),
('Porto', 'Portugal'),
('Madri', 'Espanha'),
('Barcelona', 'Espanha'),
('Paris', 'França'),
('Nice', 'França'),
('Roma', 'Itália'),
('Milão', 'Itália'),
('Veneza', 'Itália'),
('Londres', 'Reino Unido'),
('Dublin', 'Irlanda'),
('Amsterdã', 'Holanda'),
('Berlim', 'Alemanha'),
('Frankfurt', 'Alemanha'),
('Munique', 'Alemanha'),
('Zurique', 'Suíça'),
('Genebra', 'Suíça'),
('Viena', 'Áustria'),
('Praga', 'República Tcheca'),
('Atenas', 'Grécia'),
('Istambul', 'Turquia'),
('Dubai', 'Emirados Árabes Unidos'),
('Doha', 'Catar'),
('Tóquio', 'Japão'),
('Pequim', 'China'),
('Xangai', 'China'),
('Seul', 'Coréia do Sul'),
('Singapura', 'Singapura'),
('Bangkok', 'Tailândia'),
('Sydney', 'Austrália'),
('Melbourne', 'Austrália'),
('Auckland', 'Nova Zelândia'),
('Joanesburgo', 'África do Sul'),
('Cidade do Cabo', 'África do Sul'),
('Cairo', 'Egito'),
('Nairóbi', 'Quênia'),
('Moscou', 'Rússia'),
('São Petersburgo', 'Rússia'),
('Estocolmo', 'Suécia'),
('Oslo', 'Noruega'),
('Copenhague', 'Dinamarca'),
('Helsinque', 'Finlândia'),
('Varsóvia', 'Polônia'),
('Budapeste', 'Hungria'),
('Bucareste', 'Romênia'),
('Tel Aviv', 'Israel'),
('Mumbai', 'Índia'),
('Nova Deli', 'Índia'),
('Hong Kong', 'China'),
('Taipei', 'Taiwan'),
('Kuala Lumpur', 'Malásia'),
('Jacarta', 'Indonésia'),
('Manila', 'Filipinas'),
('Havana', 'Cuba'),
('San José', 'Costa Rica'),
('Panamá City', 'Panamá'),
('San Juan', 'Porto Rico'),
('Kingston', 'Jamaica');

-- =====================
-- PESSOAS (Adicionando 90 para totalizar 100)
-- =====================
INSERT INTO pessoa (primeiro_nome, sobrenome, DataNasc, genero) VALUES
('João', 'Silva', '1985-03-10', 'M'),
('Maria', 'Oliveira', '1990-07-22', 'F'),
('Carlos', 'Santos', '1978-11-15', 'M'),
('Ana', 'Costa', '1992-01-05', 'F'),
('Lucas', 'Pereira', '1988-09-30', 'M'),
('Julia', 'Almeida', '1995-12-12', 'F'),
('Pedro', 'Souza', '1983-06-18', 'M'),
('Fernanda', 'Lima', '1991-04-25', 'F'),
('Rafael', 'Barbosa', '1987-08-14', 'M'),
('Patricia', 'Mendes', '1993-10-02', 'F'),
('Marcos', 'Rocha', '1980-02-11', 'M'),
('Aline', 'Gomes', '1994-05-29', 'F'),
('Bruno', 'Martins', '1986-07-03', 'M'),
('Camila', 'Ribeiro', '1998-03-17', 'F'),
('Diego', 'Carvalho', '1982-10-20', 'M'),
('Larissa', 'Ferreira', '1999-01-08', 'F'),
('Gustavo', 'Rodrigues', '1989-04-01', 'M'),
('Beatriz', 'Nunes', '1996-08-13', 'F'),
('Felipe', 'Dias', '1984-12-25', 'M'),
('Manuela', 'Monteiro', '2000-06-06', 'F'),
('Ricardo', 'Castro', '1975-09-09', 'M'),
('Isabela', 'Cardoso', '1997-02-14', 'F'),
('Thiago', 'Lopes', '1981-11-27', 'M'),
('Laura', 'Araujo', '1993-07-19', 'F'),
('Vinicius', 'Freitas', '1990-10-04', 'M'),
('Gabriela', 'Correia', '1995-03-30', 'F'),
('Leandro', 'Teixeira', '1979-05-16', 'M'),
('Mariana', 'Pinto', '1991-09-07', 'F'),
('Rodrigo', 'Moraes', '1987-01-23', 'M'),
('Sofia', 'Cavalcanti', '2001-04-12', 'F'),
('Eduardo', 'Rezende', '1983-08-02', 'M'),
('Valentina', 'Bernardes', '2002-11-21', 'F'),
('Marcelo', 'Campos', '1977-06-28', 'M'),
('Helena', 'Duarte', '1998-10-15', 'F'),
('Alexandre', 'Pires', '1985-02-05', 'M'),
('Alice', 'Moreira', '1996-05-24', 'F'),
('Anderson', 'Barros', '1980-09-18', 'M'),
('Yasmin', 'Vasconcelos', '1999-12-03', 'F'),
('Daniel', 'Siqueira', '1992-07-08', 'M'),
('Livia', 'Nogueira', '1994-01-26', 'F'),
('Francisco', 'Machado', '1976-03-13', 'M'),
('Lorena', 'Esteves', '2000-08-31', 'F'),
('Igor', 'Borges', '1991-06-10', 'M'),
('Melissa', 'Viana', '1997-11-09', 'F'),
('Leonardo', 'Cunha', '1988-08-20', 'M'),
('Cecilia', 'Azevedo', '2003-02-18', 'F'),
('Otavio', 'Melo', '1982-04-04', 'M'),
('Elisa', 'Farias', '1993-09-11', 'F'),
('Caio', 'Dantas', '1990-12-29', 'M'),
('Esther', 'Guimarães', '1995-07-27', 'F'),
('Henrique', 'Vieira', '1984-01-01', 'M'),
('Isis', 'Freire', '1998-06-22', 'F'),
('Miguel', 'Neves', '1992-10-13', 'M'),
('Maitê', 'Tavares', '2001-03-07', 'F'),
('Davi', 'Sales', '1989-05-09', 'M'),
('Maria Alice', 'Barreto', '2004-10-23', 'F'),
('Bernardo', 'Leal', '1986-11-17', 'M'),
('Antonella', 'Ramos', '1996-04-19', 'F'),
('Samuel', 'Queiroz', '1994-08-05', 'M'),
('Maria Clara', 'Chaves', '1999-01-31', 'F'),
('Heitor', 'Arruda', '1981-07-14', 'M'),
('Maria Cecília', 'Lacerda', '1997-12-08', 'F'),
('Lorenzo', 'Brandão', '1993-03-23', 'M'),
('Maria Julia', 'Macedo', '2002-09-16', 'F'),
('Benjamin', 'Guerra', '1983-10-28', 'M'),
('Heloísa', 'Nascimento', '1994-06-15', 'F'),
('Arthur', 'Pessoa', '1991-02-12', 'M'),
('Maria Luiza', 'Brito', '1998-05-18', 'F'),
('Nicolas', 'Paiva', '1988-11-01', 'M'),
('Mariane', 'Aguiar', '2000-07-25', 'F'),
('Guilherme', 'Moura', '1985-06-03', 'M'),
('Ana Clara', 'Santana', '1995-10-01', 'F'),
('Gabriel', 'Xavier', '1990-08-16', 'M'),
('Ana Luiza', 'Pacheco', '1996-02-20', 'F'),
('Rafael', 'Andrade', '1987-04-21', 'M'),
('Ana Julia', 'Fonseca', '1997-09-24', 'F'),
('Matheus', 'Escobar', '1993-01-06', 'M'),
('Ana Beatriz', 'Leite', '2003-05-13', 'F'),
('Bryan', 'Figueiredo', '1999-03-15', 'M'),
('Emanuelly', 'Sampaio', '2001-11-11', 'F'),
('Joaquim', 'Medeiros', '1980-12-19', 'M'),
('Isabel', 'Trindade', '1992-08-27', 'F'),
('Theo', 'Fogaça', '1996-07-11', 'M'),
('Sarah', 'Amaral', '1999-10-08', 'F'),
('Murilo', 'Franco', '1989-09-02', 'M'),
('Rebeca', 'Prado', '1994-04-06', 'F'),
('Bento', 'Vargas', '1982-01-28', 'M'),
('Augusto', 'Caldas', '1978-05-26', 'M'),
('Erick', 'Drummond', '1995-08-10', 'M'),
('Clarice', 'Quintana', '1998-02-04', 'F'),
('Enzo', 'Abreu', '2005-03-21', 'M'), 
('Antônio', 'Fagundes', '1979-04-18', 'M'),
('Catarina', 'Ventura', '1999-08-22', 'F'),
('Vicente', 'Magalhães', '1988-01-30', 'M'),
('Luana', 'Bezerra', '2000-05-14', 'F'),
('Sérgio', 'Coutinho', '1981-07-07', 'M'),
('Alícia', 'Noronha', '2002-02-25', 'F'),
('Fábio', 'Pinheiro', '1990-11-03', 'M'),
('Olívia', 'Camargo', '1998-12-19', 'F'),
('Cauã', 'Pimentel', '2004-09-01', 'M'),
('Letícia', 'Damasceno', '1996-06-11', 'F'),
('Benício', 'Valente', '2001-10-17', 'M'),
('Marina', 'Saldanha', '1995-03-28', 'F'),
('Dante', 'Porto', '1986-08-12', 'M'),
('Agatha', 'Furtado', '2003-04-09', 'F'),
('Raul', 'Batista', '1976-02-02', 'M'),
('Stella', 'Peixoto', '1997-07-21', 'F'),
('Nathan', 'Albuquerque', '1993-05-05', 'M'),
('Evelyn', 'Zimmermann', '1994-10-30', 'F'),
('Calebe', 'Teodoro', '2005-01-20', 'M'),
('Lara', 'Schmitt', '2000-09-08', 'F');

-- SELECT COUNT(*) FROM pessoa;

-- =====================
-- CARGOS (Adicionando 90 para totalizar 100)
-- =====================
INSERT INTO cargo (nomeCargo, salario) VALUES
('Gerente', 8000.00),
('Analista', 5000.00),
('Assistente', 3000.00),
('Estagiario', 1500.00),
('Diretor', 12000.00),
('Piloto', 15000.00),
('Copiloto', 10000.00),
('Aeromoça', 7000.00),
('Comissário de Bordo', 7000.00),
('Supervisor', 9000.00),
('Mecânico de Aeronaves', 6500.00),
('Engenheiro Aeronáutico', 11000.00),
('Agente de Rampa', 2800.00),
('Agente de Atendimento', 3200.00),
('Despachante de Voo', 7500.00),
('Controlador de Tráfego Aéreo', 13000.00),
('Analista de Segurança de Voo', 8500.00),
('Gerente de Operações', 9500.00),
('Analista de Marketing', 5200.00),
('Gerente de Marketing', 8500.00),
('Analista de RH', 4800.00),
('Gerente de RH', 8200.00),
('Analista Financeiro', 5300.00),
('Gerente Financeiro', 8800.00),
('Advogado Corporativo', 9000.00),
('Coordenador de Voo', 6800.00),
('Instrutor de Voo', 9800.00),
('Chefe de Cabine', 8000.00),
('Técnico em Manutenção', 4500.00),
('Almoxarife Aeronáutico', 3500.00),
('Analista de Cargas', 4700.00),
('Gerente de Cargas', 7900.00),
('Especialista em TI', 6000.00),
('Gerente de TI', 10500.00),
('Analista de Dados', 6200.00),
('Cientista de Dados', 9500.00),
('Piloto de Testes', 18000.00),
('Comprador Técnico', 5500.00),
('Gerente de Suprimentos', 8300.00),
('Analista de Qualidade', 5100.00),
('Coordenador de Qualidade', 7200.00),
('Recepcionista Bilíngue', 2900.00),
('Analista de Planejamento de Malha', 7800.00),
('Gerente de Relações Institucionais', 11500.00),
('Assessor de Imprensa', 6300.00),
('Designer Gráfico', 4700.00),
('Analista de Mídias Sociais', 4200.00),
('Técnico em Segurança do Trabalho', 4900.00),
('Bombeiro de Aeródromo', 5800.00),
('Agente de Proteção', 3100.00),
('Auditor Interno', 7600.00),
('Controller', 11800.00),
('Vice-Presidente de Operações', 25000.00),
('CEO', 50000.00),
('CFO', 45000.00),
('CTO', 42000.00),
('CMO', 40000.00),
('Analista de Sistemas Jr', 4000.00),
('Analista de Sistemas Pl', 6000.00),
('Analista de Sistemas Sr', 8500.00),
('Desenvolvedor Jr', 3800.00),
('Desenvolvedor Pl', 5800.00),
('Desenvolvedor Sr', 8200.00),
('Arquiteto de Soluções', 12500.00),
('DBA', 7700.00),
('Analista de Redes', 5400.00),
('Gerente de Projetos', 10800.00),
('Analista de BI', 6600.00),
('Especialista em Cibersegurança', 9300.00),
('Analista de Suporte Técnico N1', 2500.00),
('Analista de Suporte Técnico N2', 3500.00),
('Analista de Suporte Técnico N3', 5000.00),
('Coordenador de TI', 8000.00),
('Gerente de Segurança da Informação', 13500.00),
('Piloto de Longo Curso', 17000.00),
('Copiloto de Longo Curso', 12000.00),
('Piloto Regional', 13000.00),
('Copiloto Regional', 9000.00),
('Comissário Chefe', 8500.00),
('Navegador de Voo', 8800.00),
('Engenheiro de Voo', 9200.00),
('Gerente de Manutenção', 11500.00),
('Inspetor de Manutenção', 7800.00),
('Agente de Bagagens', 2700.00),
('Coordenador de Atendimento ao Cliente', 5500.00),
('Gerente de Aeroporto', 10000.00),
('Analista de Revenue Management', 7300.00),
('Gerente de Revenue Management', 11000.00),
('Analista de Frota', 7000.00),
('Gerente de Frota', 10500.00);



-- =====================
-- CLIENTES (Adicionando 90 para totalizar 100)
-- =====================
INSERT INTO cliente (idPessoa, email, plano) VALUES
(1, 'joao.silva1@email.com', 'BASICO'),
(2, 'maria.oliveira2@email.com', 'PREMIUM'),
(3, 'carlos.santos3@email.com', 'VIP'),
(4, 'ana.costa4@email.com', 'BASICO'),
(5, 'lucas.pereira5@email.com', 'PREMIUM'),
(6, 'julia.almeida6@email.com', 'VIP'),
(7, 'pedro.souza7@email.com', 'BASICO'),
(8, 'fernanda.lima8@email.com', 'PREMIUM'),
(9, 'rafael.barbosa9@email.com', 'VIP'),
(10, 'patricia.mendes10@email.com', 'BASICO'),
(11, 'marcos.rocha11@email.com', 'PREMIUM'),
(12, 'aline.gomes12@email.com', 'VIP'),
(13, 'bruno.martins13@email.com', 'BASICO'),
(14, 'camila.ribeiro14@email.com', 'PREMIUM'),
(15, 'diego.carvalho15@email.com', 'VIP'),
(16, 'larissa.ferreira16@email.com', 'BASICO'),
(17, 'gustavo.rodrigues17@email.com', 'PREMIUM'),
(18, 'beatriz.nunes18@email.com', 'VIP'),
(19, 'felipe.dias19@email.com', 'BASICO'),
(20, 'manuela.monteiro20@email.com', 'PREMIUM'),
(21, 'ricardo.castro21@email.com', 'VIP'),
(22, 'isabela.cardoso22@email.com', 'BASICO'),
(23, 'thiago.lopes23@email.com', 'PREMIUM'),
(24, 'laura.araujo24@email.com', 'VIP'),
(25, 'vinicius.freitas25@email.com', 'BASICO'),
(26, 'gabriela.correia26@email.com', 'PREMIUM'),
(27, 'leandro.teixeira27@email.com', 'VIP'),
(28, 'mariana.pinto28@email.com', 'BASICO'),
(29, 'rodrigo.moraes29@email.com', 'PREMIUM'),
(30, 'sofia.cavalcanti30@email.com', 'VIP'),
(31, 'eduardo.rezende31@email.com', 'BASICO'),
(32, 'valentina.bernardes32@email.com', 'PREMIUM'),
(33, 'marcelo.campos33@email.com', 'VIP'),
(34, 'helena.duarte34@email.com', 'BASICO'),
(35, 'alexandre.pires35@email.com', 'PREMIUM'),
(36, 'alice.moreira36@email.com', 'VIP'),
(37, 'anderson.barros37@email.com', 'BASICO'),
(38, 'yasmin.vasconcelos38@email.com', 'PREMIUM'),
(39, 'daniel.siqueira39@email.com', 'VIP'),
(40, 'livia.nogueira40@email.com', 'BASICO'),
(41, 'francisco.machado41@email.com', 'PREMIUM'),
(42, 'lorena.esteves42@email.com', 'VIP'),
(43, 'igor.borges43@email.com', 'BASICO'),
(44, 'melissa.viana44@email.com', 'PREMIUM'),
(45, 'leonardo.cunha45@email.com', 'VIP'),
(46, 'cecilia.azevedo46@email.com', 'BASICO'),
(47, 'otavio.melo47@email.com', 'PREMIUM'),
(48, 'elisa.farias48@email.com', 'VIP'),
(49, 'caio.dantas49@email.com', 'BASICO'),
(50, 'esther.guimaraes50@email.com', 'PREMIUM'),
(51, 'henrique.vieira51@email.com', 'VIP'),
(52, 'isis.freire52@email.com', 'BASICO'),
(53, 'miguel.neves53@email.com', 'PREMIUM'),
(54, 'maite.tavares54@email.com', 'VIP'),
(55, 'davi.sales55@email.com', 'BASICO'),
(56, 'mariaalice.barreto56@email.com', 'PREMIUM'),
(57, 'bernardo.leal57@email.com', 'VIP'),
(58, 'antonella.ramos58@email.com', 'BASICO'),
(59, 'samuel.queiroz59@email.com', 'PREMIUM'),
(60, 'mariaclara.chaves60@email.com', 'VIP'),
(61, 'heitor.arruda61@email.com', 'BASICO'),
(62, 'mariacecilia.lacerda62@email.com', 'PREMIUM'),
(63, 'lorenzo.brandao63@email.com', 'VIP'),
(64, 'mariajulia.macedo64@email.com', 'BASICO'),
(65, 'benjamin.guerra65@email.com', 'PREMIUM'),
(66, 'heloisa.nascimento66@email.com', 'VIP'),
(67, 'arthur.pessoa67@email.com', 'BASICO'),
(68, 'marialuiza.brito68@email.com', 'PREMIUM'),
(69, 'nicolas.paiva69@email.com', 'VIP'),
(70, 'mariane.aguiar70@email.com', 'BASICO'),
(71, 'guilherme.moura71@email.com', 'PREMIUM'),
(72, 'anaclara.santana72@email.com', 'VIP'),
(73, 'gabriel.xavier73@email.com', 'BASICO'),
(74, 'analuiza.pacheco74@email.com', 'PREMIUM'),
(75, 'rafael.andrade75@email.com', 'VIP'),
(76, 'anajulia.fonseca76@email.com', 'BASICO'),
(77, 'matheus.escobar77@email.com', 'PREMIUM'),
(78, 'anabeatriz.leite78@email.com', 'VIP'),
(79, 'bryan.figueiredo79@email.com', 'BASICO'),
(80, 'emanuelly.sampaio80@email.com', 'PREMIUM'),
(81, 'joaquim.medeiros81@email.com', 'VIP'),
(82, 'isabel.trindade82@email.com', 'BASICO'),
(83, 'theo.fogaca83@email.com', 'PREMIUM'),
(84, 'sarah.amaral84@email.com', 'VIP'),
(85, 'murilo.franco85@email.com', 'BASICO'),
(86, 'rebeca.prado86@email.com', 'PREMIUM'),
(87, 'bento.vargas87@email.com', 'VIP'),
(88, 'augusto.caldas88@email.com', 'BASICO'),
(89, 'erick.drummond89@email.com', 'PREMIUM'),
(90, 'clarice.quintana90@email.com', 'VIP'),
(91, 'enzo.abreu91@email.com', 'BASICO'),
(92, 'joao.silva92@email.com', 'PREMIUM'),
(93, 'maria.oliveira93@email.com', 'VIP'),
(94, 'carlos.santos94@email.com', 'BASICO'),
(95, 'ana.costa95@email.com', 'PREMIUM'),
(96, 'lucas.pereira96@email.com', 'VIP'),
(97, 'julia.almeida97@email.com', 'BASICO'),
(98, 'pedro.souza98@email.com', 'PREMIUM'),
(99, 'fernanda.lima99@email.com', 'VIP'),
(100, 'rafael.barbosa100@email.com', 'BASICO');

-- =====================
-- TELEFONES (Adicionando 90 para totalizar 100)
-- =====================

-- =====================
-- TELEFONES 
-- =====================
INSERT INTO telefone_pessoa (idPessoa, numero_telefone) VALUES
(1, '11999990001'), (2, '21999990002'), (3, '31999990003'), (4, '41999990004'), (5, '51999990005'),
(6, '61999990006'), (7, '71999990007'), (8, '81999990008'), (9, '91999990009'), (10, '11999990010'),
(11, '21988880011'), (12, '31988880012'), (13, '41988880013'), (14, '51988880014'), (15, '61988880015'),
(16, '71988880016'), (17, '81988880017'), (18, '91988880018'), (19, '11988880019'), (20, '21988880020'),
(21, '31977770021'), (22, '41977770022'), (23, '51977770023'), (24, '61977770024'), (25, '71977770025'),
(26, '81977770026'), (27, '91977770027'), (28, '11977770028'), (29, '21977770029'), (30, '31977770030'),
(31, '41966660031'), (32, '51966660032'), (33, '61966660033'), (34, '71966660034'), (35, '81966660035'),
(36, '91966660036'), (37, '11966660037'), (38, '21966660038'), (39, '31966660039'), (40, '41966660040'),
(41, '51955550041'), (42, '61955550042'), (43, '71955550043'), (44, '81955550044'), (45, '91955550045'),
(46, '11955550046'), (47, '21955550047'), (48, '31955550048'), (49, '41955550049'), (50, '51955550050'),
(51, '61944440051'), (52, '71944440052'), (53, '81944440053'), (54, '91944440054'), (55, '11944440055'),
(56, '21944440056'), (57, '31944440057'), (58, '41944440058'), (59, '51944440059'), (60, '61944440060'),
(61, '71933330061'), (62, '81933330062'), (63, '91933330063'), (64, '11933330064'), (65, '21933330065'),
(66, '31933330066'), (67, '41933330067'), (68, '51933330068'), (69, '61933330069'), (70, '71933330070'),
(71, '81922220071'), (72, '91922220072'), (73, '11922220073'), (74, '21922220074'), (75, '31922220075'),
(76, '41922220076'), (77, '51922220077'), (78, '61922220078'), (79, '71922220079'), (80, '81922220080'),
(81, '91911110081'), (82, '11911110082'), (83, '21911110083'), (84, '31911110084'), (85, '41911110085'),
(86, '51911110086'), (87, '61911110087'), (88, '71911110088'), (89, '81911110089'), (90, '91911110090'),
(91, '11910101091'), (92, '21910101092'), (93, '31910101093'), (94, '41910101094'), (95, '51910101095'),
(96, '61910101096'), (97, '71910101097'), (98, '81910101098'), (99, '91910101099'), (100, '11910101100');

-- =====================
-- STATUS VOO (Mantendo os 4 registros padrão)
-- =====================
INSERT INTO Status_voo (nome, descricao) VALUES
('AGENDADO', 'Voo está agendado e aguardando decolagem'),
('EM VOO', 'Voo em andamento'),
('CONCLUIDO', 'Voo finalizado com sucesso'),
('CANCELADO', 'Voo cancelado antes da decolagem');


-- =====================
-- VOOS (Adicionando 95 para totalizar 100)
-- =====================
INSERT INTO Voo (distancia, duracao, id_Aviao, id_cidade_origem, id_cidade_destino, id_status_voo) VALUES
(6900, '08:40:00', 2, 2, 6, 1),
(2200, '02:55:00', 10, 3, 9, 1),
(1700, '02:50:00', 6, 2, 5, 1),
(1200, '02:30:00', 5, 4, 10, 1),
(1450, '02:10:00', 1, 2, 4, 1),
(7500, '09:30:00', 5, 2, 37, 3), 
(850, '01:20:00', 4, 11, 12, 1), 
(10500, '12:00:00', 15, 2, 61, 1), 
(550, '01:00:00', 3, 13, 14, 4), 
(4500, '05:30:00', 8, 17, 22, 1), 
(9800, '11:15:00', 9, 11, 41, 3), 
(3200, '04:10:00', 12, 18, 25, 1), 
(700, '01:10:00', 7, 1, 14, 1),
(12000, '14:00:00', 14, 2, 67, 1), 
(2500, '03:20:00', 20, 16, 31, 3),
(600, '01:05:00', 4, 4, 15, 1),
(8800, '10:30:00', 2, 2, 31, 1),
(11500, '13:30:00', 9, 2, 59, 1),
(450, '00:55:00', 7, 2, 12, 4),
(2000, '02:45:00', 1, 15, 17, 3),
(6700, '08:10:00', 11, 11, 30, 1),
(1500, '02:00:00', 17, 8, 19, 1),
(11000, '12:45:00', 5, 2, 51, 1),
(300, '00:45:00', 6, 11, 2, 3),
(9200, '11:00:00', 49, 39, 62, 1),
(7600, '09:00:00', 21, 2, 32, 1),
(1300, '01:50:00', 1, 11, 13, 1),
(10800, '12:30:00', 15, 2, 46, 3),
(800, '01:15:00', 4, 16, 15, 4),
(5000, '06:00:00', 8, 20, 26, 1),
(9500, '11:30:00', 9, 11, 45, 3),
(3400, '04:20:00', 12, 21, 28, 1),
(900, '01:25:00', 7, 13, 2, 1),
(12200, '14:30:00', 14, 2, 68, 1),
(2700, '03:30:00', 20, 19, 33, 3),
(650, '01:10:00', 4, 9, 15, 1),
(8600, '10:15:00', 2, 2, 35, 1),
(11800, '13:45:00', 9, 2, 60, 1),
(500, '01:00:00', 7, 13, 11, 4),
(2200, '03:00:00', 1, 16, 18, 3),
(6900, '08:20:00', 11, 11, 34, 1),
(1700, '02:15:00', 17, 10, 20, 1),
(11300, '13:00:00', 5, 2, 52, 1),
(350, '00:50:00', 6, 12, 13, 3),
(9400, '11:10:00', 49, 40, 63, 1),
(7800, '09:10:00', 21, 2, 36, 1),
(1400, '01:55:00', 1, 11, 14, 1),
(10600, '12:15:00', 15, 2, 47, 3),
(850, '01:20:00', 4, 17, 16, 4),
(5200, '06:10:00', 8, 22, 27, 1),
(9700, '11:40:00', 9, 11, 48, 3),
(3600, '04:30:00', 12, 23, 29, 1),
(950, '01:30:00', 7, 14, 2, 1),
(12400, '14:40:00', 14, 2, 69, 1),
(2900, '03:40:00', 20, 21, 34, 3),
(700, '01:15:00', 4, 10, 16, 1),
(8400, '10:00:00', 2, 2, 38, 1),
(11600, '13:40:00', 9, 2, 64, 1),
(550, '01:05:00', 7, 14, 12, 4),
(2400, '03:10:00', 1, 18, 20, 3),
(7100, '08:30:00', 11, 11, 38, 1),
(1900, '02:30:00', 17, 12, 22, 1),
(11100, '12:50:00', 5, 2, 53, 1),
(400, '00:55:00', 6, 1, 13, 3),
(9600, '11:20:00', 49, 42, 65, 1),
(8000, '09:20:00', 21, 2, 40, 1),
(1500, '02:00:00', 1, 11, 15, 1),
(10400, '12:10:00', 15, 2, 49, 3),
(900, '01:25:00', 4, 18, 17, 4),
(5400, '06:20:00', 8, 24, 29, 1),
(9900, '11:50:00', 9, 11, 50, 3),
(3800, '04:40:00', 12, 25, 30, 1),
(1000, '01:35:00', 7, 15, 2, 1),
(12600, '14:50:00', 14, 2, 70, 1),
(3100, '03:50:00', 20, 23, 35, 3),
(750, '01:20:00', 4, 4, 17, 1),
(8200, '09:45:00', 2, 2, 41, 1),
(11400, '13:25:00', 9, 2, 66, 1),
(600, '01:10:00', 7, 15, 13, 4),
(2600, '03:20:00', 1, 20, 22, 3),
(7300, '08:40:00', 11, 11, 42, 1),
(2100, '02:40:00', 17, 14, 24, 1),
(10900, '12:40:00', 5, 2, 54, 1),
(450, '01:00:00', 6, 3, 13, 3),
(9800, '11:30:00', 49, 44, 67, 1),
(8200, '09:30:00', 21, 2, 43, 1),
(1600, '02:05:00', 1, 11, 16, 1),
(10200, '12:00:00', 15, 2, 55, 3),
(950, '01:30:00', 4, 19, 18, 4),
(5600, '06:30:00', 8, 26, 31, 1),
(10100, '12:00:00', 9, 11, 56, 3),
(4000, '04:50:00', 12, 27, 32, 1),
(7700, '09:15:00', 50, 2, 30, 1),    -- São Paulo -> Miami
(1800, '02:40:00', 12, 17, 23, 3),   -- Manaus -> Bogotá
(10300, '11:50:00', 11, 11, 46, 1),  -- Rio de Janeiro -> Londres
(580, '01:05:00', 13, 12, 14, 3),    -- Belo Horizonte -> Curitiba
(9100, '10:45:00', 48, 2, 40, 4),    -- São Paulo -> Madri (Cancelado)
(1750, '02:35:00', 1, 16, 4, 1),     -- Recife -> Salvador
(8500, '10:00:00', 2, 31, 11, 3),    -- Nova Iorque -> Rio de Janeiro
(4800, '05:50:00', 8, 29, 30, 1),    -- Cidade do México -> Miami
(11900, '13:40:00', 14, 39, 61, 1),  -- Barcelona -> Tóquio
(2100, '03:00:00', 21, 5, 22, 3),    -- Buenos Aires -> Lima
(7000, '08:30:00', 11, 11, 6, 1),    -- Rio de Janeiro -> Cancún
(1100, '01:40:00', 7, 18, 17, 3),    -- Brasília -> Manaus
(10700, '12:20:00', 9, 2, 44, 1),    -- São Paulo -> Milão
(3300, '04:10:00', 1, 22, 29, 4),    -- Lima -> Cidade do México (Cancelado)
(9500, '11:00:00', 5, 2, 41, 3),     -- São Paulo -> Paris
(650, '01:10:00', 4, 14, 15, 1),     -- Curitiba -> Porto Alegre
(12300, '14:20:00', 15, 2, 67, 1),   -- São Paulo -> Sydney
(7900, '09:25:00', 2, 37, 2, 3),     -- Lisboa -> São Paulo
(3000, '03:55:00', 8, 21, 24, 1),    -- Santiago -> Montevidéu
(9300, '10:55:00', 48, 11, 51, 1);   -- Rio de Janeiro -> Frankfurt


-- SELECT COUNT(*) FROM Voo;

-- =====================
-- PASSAPORTES (Adicionando 90 para totalizar 100)
-- =====================
INSERT INTO passaporte (idCliente, numPassaporte, paisEmissor, dataEmissao, dataExpiracao) VALUES
(1, 'PBR123456', 'Brasil', '2015-01-01', '2025-01-01'),
(2, 'PUS654321', 'Estados Unidos', '2016-02-02', '2026-02-02'),
(3, 'PFR789012', 'França', '2017-03-03', '2027-03-03'),
(4, 'PDE345678', 'Alemanha', '2018-04-04', '2028-04-04'),
(5, 'PJP901234', 'Japão', '2019-05-05', '2029-05-05'),
(6, 'PBR234567', 'Brasil', '2015-06-06', '2025-06-06'),
(7, 'PUS765432', 'Estados Unidos', '2016-07-07', '2026-07-07'),
(8, 'PFR890123', 'França', '2017-08-08', '2027-08-08'),
(9, 'PDE456789', 'Alemanha', '2018-09-09', '2028-09-09'),
(10, 'PJP012345', 'Japão', '2019-10-10', '2029-10-10'),
(11, 'PAR112233', 'Argentina', '2020-11-11', '2030-11-11'),
(12, 'PCL445566', 'Chile', '2021-12-12', '2031-12-12'),
(13, 'PCO778899', 'Colômbia', '2022-01-13', '2032-01-13'),
(14, 'PMX101112', 'México', '2023-02-14', '2033-02-14'),
(15, 'PCN131415', 'Canadá', '2015-03-15', '2025-03-15'),
(16, 'PBR161718', 'Brasil', '2016-04-16', '2026-04-16'),
(17, 'PPT192021', 'Portugal', '2017-05-17', '2027-05-17'),
(18, 'PES222324', 'Espanha', '2018-06-18', '2028-06-18'),
(19, 'PIT252627', 'Itália', '2019-07-19', '2029-07-19'),
(20, 'PGB282930', 'Reino Unido', '2020-08-20', '2030-08-20'),
(21, 'PBR313233', 'Brasil', '2021-09-21', '2031-09-21'),
(22, 'PUS343536', 'Estados Unidos', '2022-10-22', '2032-10-22'),
(23, 'PFR373839', 'França', '2023-11-23', '2033-11-23'),
(24, 'PDE404142', 'Alemanha', '2015-12-24', '2025-12-24'),
(25, 'PJP434445', 'Japão', '2016-01-25', '2026-01-25'),
(26, 'PAR464748', 'Argentina', '2017-02-26', '2027-02-26'),
(27, 'PCL495051', 'Chile', '2018-03-27', '2028-03-27'),
(28, 'PCO525354', 'Colômbia', '2019-04-28', '2029-04-28'),
(29, 'PMX555657', 'México', '2020-05-29', '2030-05-29'),
(30, 'PCN585960', 'Canadá', '2021-06-30', '2031-06-30'),
(31, 'PBR616263', 'Brasil', '2022-07-01', '2032-07-01'),
(32, 'PPT646566', 'Portugal', '2023-08-02', '2033-08-02'),
(33, 'PES676869', 'Espanha', '2015-09-03', '2025-09-03'),
(34, 'PIT707172', 'Itália', '2016-10-04', '2026-10-04'),
(35, 'PGB737475', 'Reino Unido', '2017-11-05', '2027-11-05'),
(36, 'PBR767778', 'Brasil', '2018-12-06', '2028-12-06'),
(37, 'PUS798081', 'Estados Unidos', '2019-01-07', '2029-01-07'),
(38, 'PFR828384', 'França', '2020-02-08', '2030-02-08'),
(39, 'PDE858687', 'Alemanha', '2021-03-09', '2031-03-09'),
(40, 'PJP888990', 'Japão', '2022-04-10', '2032-04-10'),
(41, 'PAR919293', 'Argentina', '2023-05-11', '2033-05-11'),
(42, 'PCL949596', 'Chile', '2015-06-12', '2025-06-12'),
(43, 'PCO979899', 'Colômbia', '2016-07-13', '2026-07-13'),
(44, 'PMX101102', 'México', '2017-08-14', '2027-08-14'),
(45, 'PCN103104', 'Canadá', '2018-09-15', '2028-09-15'),
(46, 'PBR105106', 'Brasil', '2019-10-16', '2029-10-16'),
(47, 'PPT107108', 'Portugal', '2020-11-17', '2030-11-17'),
(48, 'PES109110', 'Espanha', '2021-12-18', '2031-12-18'),
(49, 'PIT111112', 'Itália', '2022-01-19', '2032-01-19'),
(50, 'PGB113114', 'Reino Unido', '2023-02-20', '2033-02-20'),
(51, 'PBR115116', 'Brasil', '2015-03-21', '2025-03-21'),
(52, 'PUS117118', 'Estados Unidos', '2016-04-22', '2026-04-22'),
(53, 'PFR119120', 'França', '2017-05-23', '2027-05-23'),
(54, 'PDE121122', 'Alemanha', '2018-06-24', '2028-06-24'),
(55, 'PJP123124', 'Japão', '2019-07-25', '2029-07-25'),
(56, 'PAR125126', 'Argentina', '2020-08-26', '2030-08-26'),
(57, 'PCL127128', 'Chile', '2021-09-27', '2031-09-27'),
(58, 'PCO129130', 'Colômbia', '2022-10-28', '2032-10-28'),
(59, 'PMX131132', 'México', '2023-11-29', '2033-11-29'),
(60, 'PCN133134', 'Canadá', '2015-12-30', '2025-12-30'),
(61, 'PBR135136', 'Brasil', '2016-01-31', '2026-01-31'),
(62, 'PPT137138', 'Portugal', '2017-02-01', '2027-02-01'),
(63, 'PES139140', 'Espanha', '2018-03-02', '2028-03-02'),
(64, 'PIT141142', 'Itália', '2019-04-03', '2029-04-03'),
(65, 'PGB143144', 'Reino Unido', '2020-05-04', '2030-05-04'),
(66, 'PBR145146', 'Brasil', '2021-06-05', '2031-06-05'),
(67, 'PUS147148', 'Estados Unidos', '2022-07-06', '2032-07-06'),
(68, 'PFR149150', 'França', '2023-08-07', '2033-08-07'),
(69, 'PDE151152', 'Alemanha', '2015-09-08', '2025-09-08'),
(70, 'PJP153154', 'Japão', '2016-10-09', '2026-10-09'),
(71, 'PAR155156', 'Argentina', '2017-11-10', '2027-11-10'),
(72, 'PCL157158', 'Chile', '2018-12-11', '2028-12-11'),
(73, 'PCO159160', 'Colômbia', '2019-01-12', '2029-01-12'),
(74, 'PMX161162', 'México', '2020-02-13', '2030-02-13'),
(75, 'PCN163164', 'Canadá', '2021-03-14', '2031-03-14'),
(76, 'PBR165166', 'Brasil', '2022-04-15', '2032-04-15'),
(77, 'PPT167168', 'Portugal', '2023-05-16', '2033-05-16'),
(78, 'PES169170', 'Espanha', '2015-06-17', '2025-06-17'),
(79, 'PIT171172', 'Itália', '2016-07-18', '2026-07-18'),
(80, 'PGB173174', 'Reino Unido', '2017-08-19', '2027-08-19'),
(81, 'PBR175176', 'Brasil', '2018-09-20', '2028-09-20'),
(82, 'PUS177178', 'Estados Unidos', '2019-10-21', '2029-10-21'),
(83, 'PFR179180', 'França', '2020-11-22', '2030-11-22'),
(84, 'PDE181182', 'Alemanha', '2021-12-23', '2031-12-23'),
(85, 'PJP183184', 'Japão', '2022-01-24', '2032-01-24'),
(86, 'PAR185186', 'Argentina', '2023-02-25', '2033-02-25'),
(87, 'PCL187188', 'Chile', '2015-03-26', '2025-03-26'),
(88, 'PCO189190', 'Colômbia', '2016-04-27', '2026-04-27'),
(89, 'PMX191192', 'México', '2017-05-28', '2027-05-28'),
(90, 'PCN193194', 'Canadá', '2018-06-29', '2028-06-29'),
(91, 'PBR195196', 'Brasil', '2019-07-30', '2029-07-30'),
(92, 'PPT197198', 'Portugal', '2020-08-31', '2030-08-31'),
(93, 'PES199200', 'Espanha', '2021-09-01', '2031-09-01'),
(94, 'PIT201202', 'Itália', '2022-10-02', '2032-10-02'),
(95, 'PGB203204', 'Reino Unido', '2023-11-03', '2033-11-03'),
(96, 'PBR205206', 'Brasil', '2015-12-04', '2025-12-04'),
(97, 'PUS207208', 'Estados Unidos', '2016-01-05', '2026-01-05'),
(98, 'PFR209210', 'França', '2017-02-06', '2027-02-06'),
(99, 'PDE211212', 'Alemanha', '2018-03-07', '2028-03-07'),
(100, 'PJP213214', 'Japão', '2019-04-08', '2029-04-08');



-- =====================
-- RESERVAS (Adicionando 90 para totalizar 100)
-- =====================
INSERT INTO Reserva (idVoo, id_cliente, poltrona, numReserva, dataReserva) VALUES
(1, 1, '1A', 'RES001', '2023-09-01'),
(2, 2, '2B', 'RES002', '2023-09-02'),
(3, 3, '3C', 'RES003', '2023-09-03'),
(4, 4, '4D', 'RES004', '2023-09-04'),
(5, 5, '5E', 'RES005', '2023-09-05'),
(1, 6, '6A', 'RES006', '2023-09-06'),
(2, 7, '7B', 'RES007', '2023-09-07'),
(3, 8, '8C', 'RES008', '2023-09-08'),
(4, 9, '9D', 'RES009', '2023-09-09'),
(5, 10, '10E', 'RES010', '2023-09-10'),
(6, 11, '11A', 'RES011', '2023-10-01'),
(7, 12, '12B', 'RES012', '2023-10-02'),
(8, 13, '13C', 'RES013', '2023-10-03'),
(10, 14, '14D', 'RES014', '2023-10-04'),
(11, 15, '15E', 'RES015', '2023-10-05'),
(12, 16, '16F', 'RES016', '2023-10-06'),
(13, 17, '17G', 'RES017', '2023-10-07'),
(14, 18, '18H', 'RES018', '2023-10-08'),
(15, 19, '19A', 'RES019', '2023-10-09'),
(16, 20, '20B', 'RES020', '2023-10-10'),
(17, 21, '21C', 'RES021', '2023-11-01'),
(18, 22, '22D', 'RES022', '2023-11-02'),
(19, 23, '23E', 'RES023', '2023-11-03'),
(20, 24, '24F', 'RES024', '2023-11-04'),
(21, 25, '25G', 'RES025', '2023-11-05'),
(22, 26, '26H', 'RES026', '2023-11-06'),
(23, 27, '27A', 'RES027', '2023-11-07'),
(24, 28, '28B', 'RES028', '2023-11-08'),
(25, 29, '29C', 'RES029', '2023-11-09'),
(26, 30, '30D', 'RES030', '2023-11-10'),
(27, 31, '1B', 'RES031', '2023-12-01'),
(28, 32, '2C', 'RES032', '2023-12-02'),
(30, 33, '3D', 'RES033', '2023-12-03'),
(31, 34, '4E', 'RES034', '2023-12-04'),
(32, 35, '5F', 'RES035', '2023-12-05'),
(33, 36, '6G', 'RES036', '2023-12-06'),
(34, 37, '7H', 'RES037', '2023-12-07'),
(35, 38, '8A', 'RES038', '2023-12-08'),
(36, 39, '9B', 'RES039', '2023-12-09'),
(37, 40, '10C', 'RES040', '2023-12-10'),
(38, 41, '11D', 'RES041', '2024-01-01'),
(39, 42, '12E', 'RES042', '2024-01-02'),
(40, 43, '13F', 'RES043', '2024-01-03'),
(41, 44, '14G', 'RES044', '2024-01-04'),
(42, 45, '15H', 'RES045', '2024-01-05'),
(43, 46, '16A', 'RES046', '2024-01-06'),
(44, 47, '17B', 'RES047', '2024-01-07'),
(45, 48, '18C', 'RES048', '2024-01-08'),
(46, 49, '19D', 'RES049', '2024-01-09'),
(47, 50, '20E', 'RES050', '2024-01-10'),
(48, 51, '21F', 'RES051', '2024-02-01'),
(50, 52, '22G', 'RES052', '2024-02-02'),
(51, 53, '23H', 'RES053', '2024-02-03'),
(52, 54, '24A', 'RES054', '2024-02-04'),
(53, 55, '25B', 'RES055', '2024-02-05'),
(54, 56, '26C', 'RES056', '2024-02-06'),
(55, 57, '27D', 'RES057', '2024-02-07'),
(56, 58, '28E', 'RES058', '2024-02-08'),
(57, 59, '29F', 'RES059', '2024-02-09'),
(58, 60, '30G', 'RES060', '2024-02-10'),
(59, 61, '1C', 'RES061', '2024-03-01'),
(60, 62, '2D', 'RES062', '2024-03-02'),
(61, 63, '3E', 'RES063', '2024-03-03'),
(62, 64, '4F', 'RES064', '2024-03-04'),
(63, 65, '5G', 'RES065', '2024-03-05'),
(64, 66, '6H', 'RES066', '2024-03-06'),
(65, 67, '7A', 'RES067', '2024-03-07'),
(66, 68, '8B', 'RES068', '2024-03-08'),
(67, 69, '9C', 'RES069', '2024-03-09'),
(68, 70, '10D', 'RES070', '2024-03-10'),
(69, 71, '11E', 'RES071', '2024-04-01'),
(70, 72, '12F', 'RES072', '2024-04-02'),
(71, 73, '13G', 'RES073', '2024-04-03'),
(72, 74, '14H', 'RES074', '2024-04-04'),
(73, 75, '15A', 'RES075', '2024-04-05'),
(74, 76, '16B', 'RES076', '2024-04-06'),
(75, 77, '17C', 'RES077', '2024-04-07'),
(76, 78, '18D', 'RES078', '2024-04-08'),
(77, 79, '19E', 'RES079', '2024-04-09'),
(78, 80, '20F', 'RES080', '2024-04-10'),
(79, 81, '21G', 'RES081', '2024-05-01'),
(80, 82, '22H', 'RES082', '2024-05-02'),
(81, 83, '23A', 'RES083', '2024-05-03'),
(82, 84, '24B', 'RES084', '2024-05-04'),
(83, 85, '25C', 'RES085', '2024-05-05'),
(84, 86, '26D', 'RES086', '2024-05-06'),
(85, 87, '27E', 'RES087', '2024-05-07'),
(86, 88, '28F', 'RES088', '2024-05-08'),
(87, 89, '29G', 'RES089', '2024-05-09'),
(88, 90, '30H', 'RES090', '2024-05-10'),
(89, 91, '1D', 'RES091', '2024-06-01'),
(90, 92, '2E', 'RES092', '2024-06-02'),
(91, 93, '3F', 'RES093', '2024-06-03'),
(92, 94, '4G', 'RES094', '2024-06-04'),
(93, 95, '5H', 'RES095', '2024-06-05'),
(94, 96, '6A', 'RES096', '2024-06-06'),
(95, 97, '7B', 'RES097', '2024-06-07'),
(96, 98, '8C', 'RES098', '2024-06-08'),
(97, 99, '9D', 'RES099', '2024-06-09'),
(98, 100, '10E', 'RES100', '2024-06-10');